filename,label
1263.jpg,gado_gado
0941.jpg,bakso
1874.jpg,gado_gado
2618.jpg,gado_gado
2739.jpg,soto_ayam
0369.jpg,soto_ayam
0877.jpg,rendang
2567.jpg,soto_ayam
1669.jpg,rendang
1544.jpg,gado_gado
2771.jpg,bakso
1311.jpg,gado_gado
1377.jpg,rendang
0645.jpg,soto_ayam
1333.jpg,gado_gado
0430.jpg,rendang
0238.jpg,bakso
0624.jpg,soto_ayam
2546.jpg,rendang
0422.jpg,nasi_goreng
0720.jpg,rendang
2454.jpg,rendang
0471.jpg,nasi_goreng
2007.jpg,gado_gado
2340.jpg,rendang
0146.jpg,soto_ayam
2322.jpg,nasi_goreng
2535.jpg,rendang
0208.jpg,bakso
2465.jpg,bakso
0579.jpg,rendang
0704.jpg,rendang
0927.jpg,nasi_goreng
0185.jpg,nasi_goreng
2295.jpg,rendang
1610.jpg,gado_gado
0228.jpg,rendang
2556.jpg,rendang
0145.jpg,rendang
1854.jpg,soto_ayam
2719.jpg,soto_ayam
2738.jpg,rendang
2681.jpg,rendang
2267.jpg,bakso
0218.jpg,rendang
2067.jpg,soto_ayam
1492.jpg,rendang
0952.jpg,nasi_goreng
2147.jpg,bakso
1793.jpg,nasi_goreng
2208.jpg,bakso
0935.jpg,rendang
2199.jpg,bakso
0659.jpg,gado_gado
1105.jpg,nasi_goreng
2326.jpg,nasi_goreng
1672.jpg,bakso
1099.jpg,gado_gado
1654.jpg,gado_gado
0038.jpg,bakso
2642.jpg,soto_ayam
1815.jpg,nasi_goreng
1520.jpg,nasi_goreng
2114.jpg,gado_gado
0822.jpg,gado_gado
0856.jpg,soto_ayam
1575.jpg,rendang
1484.jpg,nasi_goreng
2290.jpg,rendang
1100.jpg,nasi_goreng
0380.jpg,nasi_goreng
1071.jpg,gado_gado
1067.jpg,bakso
1820.jpg,soto_ayam
1141.jpg,gado_gado
1397.jpg,gado_gado
1433.jpg,soto_ayam
2383.jpg,gado_gado
0317.jpg,gado_gado
1269.jpg,gado_gado
2649.jpg,nasi_goreng
1841.jpg,gado_gado
0025.jpg,nasi_goreng
1992.jpg,bakso
0308.jpg,soto_ayam
1425.jpg,rendang
0846.jpg,soto_ayam
2324.jpg,nasi_goreng
2274.jpg,nasi_goreng
1726.jpg,nasi_goreng
1941.jpg,soto_ayam
0265.jpg,bakso
2474.jpg,nasi_goreng
0018.jpg,soto_ayam
1600.jpg,bakso
0458.jpg,soto_ayam
0111.jpg,soto_ayam
0567.jpg,nasi_goreng
1809.jpg,gado_gado
2623.jpg,soto_ayam
0761.jpg,rendang
2169.jpg,soto_ayam
2346.jpg,nasi_goreng
1767.jpg,bakso
0553.jpg,soto_ayam
1018.jpg,rendang
2051.jpg,rendang
1041.jpg,soto_ayam
0644.jpg,nasi_goreng
1665.jpg,gado_gado
2742.jpg,bakso
0017.jpg,nasi_goreng
2012.jpg,nasi_goreng
0451.jpg,rendang
2269.jpg,nasi_goreng
0825.jpg,nasi_goreng
1785.jpg,rendang
1294.jpg,bakso
0037.jpg,soto_ayam
2405.jpg,nasi_goreng
0012.jpg,gado_gado
1929.jpg,nasi_goreng
1524.jpg,bakso
1523.jpg,rendang
2408.jpg,bakso
2262.jpg,rendang
2529.jpg,gado_gado
1136.jpg,rendang
0043.jpg,soto_ayam
1232.jpg,nasi_goreng
0444.jpg,gado_gado
2069.jpg,bakso
0841.jpg,nasi_goreng
1895.jpg,nasi_goreng
2110.jpg,nasi_goreng
2337.jpg,nasi_goreng
0173.jpg,nasi_goreng
0237.jpg,rendang
2022.jpg,soto_ayam
0158.jpg,nasi_goreng
0707.jpg,bakso
0456.jpg,gado_gado
0530.jpg,gado_gado
1778.jpg,nasi_goreng
0395.jpg,gado_gado
1464.jpg,gado_gado
1742.jpg,gado_gado
2663.jpg,bakso
0966.jpg,soto_ayam
1115.jpg,bakso
1504.jpg,bakso
1441.jpg,bakso
2036.jpg,rendang
0915.jpg,gado_gado
0008.jpg,gado_gado
2112.jpg,rendang
1112.jpg,rendang
0919.jpg,bakso
0860.jpg,soto_ayam
1385.jpg,nasi_goreng
0835.jpg,soto_ayam
1545.jpg,soto_ayam
2278.jpg,soto_ayam
1515.jpg,gado_gado
0405.jpg,bakso
2634.jpg,nasi_goreng
0558.jpg,nasi_goreng
0882.jpg,bakso
2568.jpg,nasi_goreng
2245.jpg,bakso
2497.jpg,bakso
2115.jpg,nasi_goreng
1732.jpg,gado_gado
0872.jpg,nasi_goreng
2392.jpg,bakso
2163.jpg,rendang
2187.jpg,nasi_goreng
1582.jpg,nasi_goreng
1625.jpg,gado_gado
2402.jpg,soto_ayam
0857.jpg,nasi_goreng
0866.jpg,nasi_goreng
1739.jpg,bakso
2414.jpg,bakso
0800.jpg,bakso
2103.jpg,nasi_goreng
1030.jpg,gado_gado
2517.jpg,nasi_goreng
1012.jpg,rendang
1751.jpg,rendang
0757.jpg,nasi_goreng
2678.jpg,gado_gado
2352.jpg,bakso
1792.jpg,rendang
2498.jpg,soto_ayam
0823.jpg,bakso
2448.jpg,nasi_goreng
0428.jpg,rendang
2593.jpg,nasi_goreng
2107.jpg,gado_gado
1313.jpg,soto_ayam
2561.jpg,bakso
0284.jpg,bakso
1235.jpg,nasi_goreng
1307.jpg,soto_ayam
2085.jpg,nasi_goreng
1004.jpg,nasi_goreng
2548.jpg,soto_ayam
2446.jpg,nasi_goreng
0651.jpg,nasi_goreng
2279.jpg,gado_gado
1969.jpg,nasi_goreng
2432.jpg,nasi_goreng
1622.jpg,soto_ayam
2708.jpg,gado_gado
1327.jpg,bakso
0302.jpg,nasi_goreng
1649.jpg,nasi_goreng
1842.jpg,nasi_goreng
2021.jpg,gado_gado
1986.jpg,soto_ayam
1998.jpg,rendang
2005.jpg,nasi_goreng
2157.jpg,gado_gado
1015.jpg,gado_gado
1763.jpg,soto_ayam
0577.jpg,rendang
0666.jpg,gado_gado
0695.jpg,bakso
1091.jpg,nasi_goreng
0384.jpg,gado_gado
2378.jpg,nasi_goreng
0957.jpg,gado_gado
1413.jpg,gado_gado
1070.jpg,bakso
2486.jpg,rendang
2599.jpg,nasi_goreng
2688.jpg,nasi_goreng
1121.jpg,bakso
0225.jpg,soto_ayam
0996.jpg,nasi_goreng
1570.jpg,soto_ayam
1908.jpg,bakso
0232.jpg,nasi_goreng
0810.jpg,gado_gado
2478.jpg,nasi_goreng
2441.jpg,bakso
0106.jpg,bakso
1225.jpg,rendang
0496.jpg,bakso
1191.jpg,soto_ayam
0636.jpg,bakso
2615.jpg,rendang
2734.jpg,gado_gado
1733.jpg,bakso
1843.jpg,soto_ayam
0363.jpg,rendang
0623.jpg,rendang
2374.jpg,soto_ayam
1696.jpg,soto_ayam
0050.jpg,gado_gado
1686.jpg,rendang
0942.jpg,nasi_goreng
1280.jpg,soto_ayam
0411.jpg,rendang
1783.jpg,nasi_goreng
2165.jpg,rendang
0791.jpg,rendang
0792.jpg,soto_ayam
0335.jpg,nasi_goreng
2134.jpg,rendang
1428.jpg,soto_ayam
1212.jpg,rendang
2027.jpg,gado_gado
1393.jpg,gado_gado
0168.jpg,bakso
0341.jpg,soto_ayam
0576.jpg,rendang
0802.jpg,rendang
1995.jpg,nasi_goreng
2419.jpg,bakso
0803.jpg,nasi_goreng
0031.jpg,rendang
1979.jpg,bakso
1787.jpg,soto_ayam
0827.jpg,soto_ayam
0214.jpg,nasi_goreng
2117.jpg,rendang
1111.jpg,nasi_goreng
2395.jpg,rendang
1186.jpg,bakso
0908.jpg,bakso
0220.jpg,rendang
1088.jpg,rendang
2555.jpg,gado_gado
1959.jpg,gado_gado
1991.jpg,gado_gado
1303.jpg,rendang
0592.jpg,nasi_goreng
1607.jpg,gado_gado
1014.jpg,soto_ayam
2008.jpg,nasi_goreng
2319.jpg,nasi_goreng
2518.jpg,nasi_goreng
2398.jpg,gado_gado
0406.jpg,gado_gado
0183.jpg,nasi_goreng
0781.jpg,soto_ayam
0717.jpg,gado_gado
2144.jpg,soto_ayam
0794.jpg,nasi_goreng
2307.jpg,nasi_goreng
1933.jpg,nasi_goreng
2755.jpg,rendang
2349.jpg,gado_gado
2145.jpg,soto_ayam
1077.jpg,gado_gado
2416.jpg,rendang
2310.jpg,nasi_goreng
2533.jpg,nasi_goreng
1962.jpg,gado_gado
0797.jpg,rendang
0479.jpg,soto_ayam
2010.jpg,gado_gado
0390.jpg,bakso
0675.jpg,bakso
1215.jpg,gado_gado
1663.jpg,bakso
0730.jpg,bakso
1479.jpg,rendang
0851.jpg,gado_gado
2494.jpg,bakso
2728.jpg,rendang
2188.jpg,nasi_goreng
1886.jpg,soto_ayam
1704.jpg,bakso
0443.jpg,bakso
2661.jpg,bakso
1824.jpg,gado_gado
1651.jpg,gado_gado
1369.jpg,nasi_goreng
1396.jpg,gado_gado
0738.jpg,rendang
1188.jpg,nasi_goreng
0892.jpg,gado_gado
1917.jpg,rendang
0435.jpg,nasi_goreng
1344.jpg,bakso
1826.jpg,nasi_goreng
1293.jpg,gado_gado
1237.jpg,bakso
1029.jpg,bakso
1424.jpg,nasi_goreng
2396.jpg,gado_gado
0476.jpg,nasi_goreng
2379.jpg,bakso
2078.jpg,bakso
1578.jpg,soto_ayam
0124.jpg,nasi_goreng
1756.jpg,rendang
1974.jpg,gado_gado
1180.jpg,bakso
1718.jpg,gado_gado
0842.jpg,rendang
1538.jpg,rendang
1899.jpg,soto_ayam
0505.jpg,bakso
0199.jpg,soto_ayam
1316.jpg,gado_gado
1823.jpg,soto_ayam
1503.jpg,nasi_goreng
2041.jpg,soto_ayam
0976.jpg,gado_gado
1687.jpg,nasi_goreng
0774.jpg,soto_ayam
0541.jpg,nasi_goreng
0744.jpg,nasi_goreng
1737.jpg,nasi_goreng
1103.jpg,nasi_goreng
0754.jpg,bakso
0598.jpg,nasi_goreng
0034.jpg,soto_ayam
1020.jpg,gado_gado
2065.jpg,rendang
2440.jpg,nasi_goreng
1148.jpg,gado_gado
2712.jpg,gado_gado
2131.jpg,nasi_goreng
0457.jpg,gado_gado
1900.jpg,rendang
2059.jpg,gado_gado
1352.jpg,nasi_goreng
0736.jpg,rendang
1539.jpg,bakso
2643.jpg,soto_ayam
2674.jpg,bakso
0437.jpg,soto_ayam
1757.jpg,gado_gado
2009.jpg,gado_gado
1652.jpg,gado_gado
1940.jpg,bakso
0175.jpg,bakso
0153.jpg,nasi_goreng
0561.jpg,soto_ayam
2629.jpg,gado_gado
2462.jpg,nasi_goreng
1084.jpg,rendang
0828.jpg,rendang
2527.jpg,bakso
1568.jpg,gado_gado
2572.jpg,soto_ayam
0353.jpg,bakso
1549.jpg,gado_gado
2299.jpg,gado_gado
1707.jpg,nasi_goreng
0011.jpg,gado_gado
2253.jpg,soto_ayam
2205.jpg,nasi_goreng
1803.jpg,nasi_goreng
2511.jpg,bakso
0847.jpg,soto_ayam
2189.jpg,nasi_goreng
0305.jpg,gado_gado
2765.jpg,gado_gado
1157.jpg,rendang
0203.jpg,gado_gado
0721.jpg,gado_gado
2554.jpg,nasi_goreng
1372.jpg,gado_gado
1714.jpg,bakso
2482.jpg,rendang
0668.jpg,rendang
1541.jpg,gado_gado
2777.jpg,nasi_goreng
0452.jpg,gado_gado
0469.jpg,gado_gado
2763.jpg,rendang
2236.jpg,soto_ayam
1832.jpg,rendang
2045.jpg,rendang
1772.jpg,soto_ayam
2585.jpg,nasi_goreng
0997.jpg,rendang
1011.jpg,gado_gado
2459.jpg,soto_ayam
0497.jpg,bakso
1335.jpg,nasi_goreng
2226.jpg,bakso
1947.jpg,bakso
1851.jpg,rendang
1891.jpg,rendang
1850.jpg,gado_gado
1923.jpg,rendang
1204.jpg,nasi_goreng
2011.jpg,bakso
1870.jpg,rendang
2781.jpg,nasi_goreng
0817.jpg,bakso
0096.jpg,soto_ayam
0144.jpg,bakso
0977.jpg,nasi_goreng
0207.jpg,gado_gado
1408.jpg,bakso
2385.jpg,soto_ayam
1540.jpg,gado_gado
0527.jpg,soto_ayam
1638.jpg,nasi_goreng
1802.jpg,soto_ayam
2770.jpg,nasi_goreng
2640.jpg,soto_ayam
1558.jpg,nasi_goreng
2764.jpg,nasi_goreng
2234.jpg,gado_gado
0605.jpg,nasi_goreng
0429.jpg,nasi_goreng
2155.jpg,soto_ayam
2339.jpg,soto_ayam
1822.jpg,bakso
2753.jpg,gado_gado
1402.jpg,rendang
0455.jpg,gado_gado
0166.jpg,nasi_goreng
0061.jpg,bakso
1875.jpg,rendang
0077.jpg,bakso
1938.jpg,gado_gado
2095.jpg,nasi_goreng
2336.jpg,nasi_goreng
1872.jpg,rendang
1418.jpg,nasi_goreng
2094.jpg,bakso
2607.jpg,gado_gado
2590.jpg,gado_gado
2280.jpg,bakso
2089.jpg,gado_gado
1346.jpg,soto_ayam
1630.jpg,gado_gado
2081.jpg,nasi_goreng
0912.jpg,rendang
2437.jpg,gado_gado
0300.jpg,rendang
0661.jpg,gado_gado
2508.jpg,gado_gado
0009.jpg,nasi_goreng
1378.jpg,gado_gado
2389.jpg,gado_gado
0459.jpg,soto_ayam
2328.jpg,rendang
2052.jpg,rendang
1637.jpg,nasi_goreng
0014.jpg,bakso
1061.jpg,soto_ayam
2035.jpg,bakso
2174.jpg,gado_gado
1794.jpg,soto_ayam
0537.jpg,nasi_goreng
1571.jpg,rendang
0002.jpg,soto_ayam
1748.jpg,rendang
1567.jpg,gado_gado
2014.jpg,gado_gado
1207.jpg,soto_ayam
2756.jpg,soto_ayam
1799.jpg,nasi_goreng
1256.jpg,bakso
2366.jpg,nasi_goreng
1924.jpg,soto_ayam
2197.jpg,nasi_goreng
0896.jpg,nasi_goreng
2301.jpg,rendang
2154.jpg,gado_gado
1534.jpg,gado_gado
0969.jpg,bakso
2635.jpg,gado_gado
1108.jpg,gado_gado
0354.jpg,gado_gado
2669.jpg,soto_ayam
0936.jpg,bakso
2495.jpg,rendang
0597.jpg,rendang
0373.jpg,soto_ayam
1189.jpg,nasi_goreng
2161.jpg,soto_ayam
1499.jpg,rendang
1839.jpg,gado_gado
1009.jpg,soto_ayam
1183.jpg,rendang
0314.jpg,gado_gado
2636.jpg,soto_ayam
2315.jpg,bakso
2423.jpg,gado_gado
0387.jpg,rendang
0326.jpg,nasi_goreng
1080.jpg,bakso
2261.jpg,nasi_goreng
2122.jpg,rendang
0291.jpg,rendang
1092.jpg,nasi_goreng
0682.jpg,soto_ayam
1683.jpg,rendang
1273.jpg,soto_ayam
1717.jpg,nasi_goreng
0980.jpg,nasi_goreng
2526.jpg,soto_ayam
1249.jpg,bakso
2690.jpg,soto_ayam
2610.jpg,nasi_goreng
0920.jpg,rendang
1564.jpg,gado_gado
1461.jpg,nasi_goreng
1939.jpg,nasi_goreng
0970.jpg,gado_gado
1054.jpg,gado_gado
2231.jpg,rendang
1634.jpg,soto_ayam
0737.jpg,nasi_goreng
1950.jpg,rendang
1122.jpg,gado_gado
0755.jpg,nasi_goreng
1349.jpg,rendang
1731.jpg,rendang
2730.jpg,bakso
0279.jpg,soto_ayam
0436.jpg,bakso
2062.jpg,bakso
0910.jpg,rendang
0150.jpg,gado_gado
0204.jpg,nasi_goreng
2604.jpg,rendang
1529.jpg,rendang
1458.jpg,bakso
1295.jpg,rendang
0288.jpg,rendang
2329.jpg,soto_ayam
1813.jpg,nasi_goreng
2179.jpg,soto_ayam
2460.jpg,gado_gado
2692.jpg,gado_gado
0688.jpg,nasi_goreng
1589.jpg,gado_gado
1116.jpg,bakso
1309.jpg,bakso
2586.jpg,nasi_goreng
2595.jpg,gado_gado
1131.jpg,nasi_goreng
0563.jpg,rendang
1389.jpg,rendang
0120.jpg,bakso
1593.jpg,gado_gado
2376.jpg,bakso
0968.jpg,nasi_goreng
0400.jpg,soto_ayam
0772.jpg,rendang
2172.jpg,nasi_goreng
1310.jpg,bakso
1653.jpg,rendang
0931.jpg,soto_ayam
0107.jpg,nasi_goreng
1114.jpg,rendang
1247.jpg,rendang
0898.jpg,rendang
0088.jpg,gado_gado
1019.jpg,gado_gado
0259.jpg,gado_gado
0165.jpg,gado_gado
0993.jpg,nasi_goreng
2625.jpg,nasi_goreng
0361.jpg,nasi_goreng
0599.jpg,bakso
0367.jpg,gado_gado
0345.jpg,rendang
2096.jpg,nasi_goreng
1592.jpg,gado_gado
0606.jpg,bakso
2031.jpg,gado_gado
2628.jpg,gado_gado
0263.jpg,nasi_goreng
1876.jpg,bakso
1579.jpg,rendang
1961.jpg,gado_gado
0093.jpg,rendang
0250.jpg,rendang
1006.jpg,bakso
0123.jpg,soto_ayam
0234.jpg,gado_gado
0432.jpg,bakso
0439.jpg,bakso
2064.jpg,gado_gado
2706.jpg,gado_gado
1465.jpg,bakso
1619.jpg,rendang
1543.jpg,gado_gado
1720.jpg,bakso
0756.jpg,nasi_goreng
2238.jpg,rendang
1050.jpg,bakso
1646.jpg,rendang
2761.jpg,soto_ayam
2676.jpg,bakso
0536.jpg,bakso
0067.jpg,soto_ayam
0223.jpg,bakso
0900.jpg,bakso
2399.jpg,rendang
2086.jpg,gado_gado
0253.jpg,soto_ayam
1065.jpg,bakso
1586.jpg,gado_gado
0985.jpg,bakso
0386.jpg,bakso
0519.jpg,gado_gado
2784.jpg,gado_gado
2087.jpg,bakso
0172.jpg,soto_ayam
0311.jpg,nasi_goreng
2745.jpg,rendang
2575.jpg,bakso
1690.jpg,rendang
1343.jpg,gado_gado
1435.jpg,rendang
0532.jpg,soto_ayam
0071.jpg,gado_gado
0809.jpg,nasi_goreng
0306.jpg,gado_gado
0119.jpg,rendang
0003.jpg,gado_gado
1154.jpg,nasi_goreng
1270.jpg,soto_ayam
1277.jpg,nasi_goreng
0042.jpg,rendang
1038.jpg,gado_gado
1285.jpg,soto_ayam
2588.jpg,rendang
1025.jpg,gado_gado
0271.jpg,nasi_goreng
1487.jpg,nasi_goreng
1765.jpg,nasi_goreng
2696.jpg,gado_gado
2128.jpg,bakso
2293.jpg,soto_ayam
0546.jpg,rendang
1381.jpg,bakso
2740.jpg,rendang
1359.jpg,gado_gado
1407.jpg,gado_gado
1844.jpg,rendang
0708.jpg,gado_gado
0063.jpg,bakso
0110.jpg,gado_gado
0129.jpg,gado_gado
0696.jpg,gado_gado
1613.jpg,nasi_goreng
1289.jpg,bakso
1416.jpg,bakso
2421.jpg,bakso
0649.jpg,bakso
2227.jpg,rendang
1694.jpg,bakso
2467.jpg,rendang
2407.jpg,bakso
0131.jpg,nasi_goreng
0485.jpg,bakso
0956.jpg,nasi_goreng
0492.jpg,rendang
2662.jpg,nasi_goreng
1045.jpg,nasi_goreng
2539.jpg,rendang
0490.jpg,bakso
0630.jpg,soto_ayam
0440.jpg,nasi_goreng
0706.jpg,nasi_goreng
2173.jpg,soto_ayam
1101.jpg,rendang
2668.jpg,gado_gado
0991.jpg,nasi_goreng
0595.jpg,rendang
2175.jpg,gado_gado
0122.jpg,gado_gado
2541.jpg,rendang
1144.jpg,nasi_goreng
1234.jpg,rendang
2040.jpg,gado_gado
1231.jpg,nasi_goreng
1937.jpg,soto_ayam
1918.jpg,rendang
1729.jpg,nasi_goreng
0270.jpg,nasi_goreng
0413.jpg,gado_gado
0762.jpg,rendang
2458.jpg,gado_gado
1457.jpg,rendang
1432.jpg,gado_gado
1644.jpg,bakso
1486.jpg,soto_ayam
1806.jpg,soto_ayam
2652.jpg,bakso
0929.jpg,bakso
1774.jpg,nasi_goreng
0986.jpg,nasi_goreng
2357.jpg,gado_gado
1252.jpg,soto_ayam
0928.jpg,rendang
1617.jpg,nasi_goreng
0834.jpg,rendang
2325.jpg,rendang
1429.jpg,bakso
1220.jpg,gado_gado
1118.jpg,soto_ayam
0855.jpg,rendang
0197.jpg,gado_gado
1960.jpg,rendang
2196.jpg,nasi_goreng
1932.jpg,rendang
0365.jpg,soto_ayam
1883.jpg,rendang
2609.jpg,bakso
2180.jpg,bakso
1628.jpg,gado_gado
0665.jpg,nasi_goreng
0213.jpg,soto_ayam
0360.jpg,nasi_goreng
1566.jpg,gado_gado
2735.jpg,rendang
0376.jpg,rendang
0332.jpg,rendang
0200.jpg,soto_ayam
1392.jpg,nasi_goreng
2358.jpg,soto_ayam
2691.jpg,nasi_goreng
0162.jpg,nasi_goreng
0839.jpg,bakso
0337.jpg,gado_gado
1695.jpg,nasi_goreng
0434.jpg,nasi_goreng
1616.jpg,nasi_goreng
0287.jpg,gado_gado
1445.jpg,bakso
2181.jpg,bakso
2136.jpg,rendang
2377.jpg,bakso
2435.jpg,nasi_goreng
1928.jpg,soto_ayam
0821.jpg,nasi_goreng
0602.jpg,bakso
2246.jpg,bakso
1903.jpg,nasi_goreng
0007.jpg,bakso
1206.jpg,nasi_goreng
2596.jpg,nasi_goreng
0987.jpg,nasi_goreng
0940.jpg,bakso
2697.jpg,soto_ayam
2519.jpg,gado_gado
0545.jpg,nasi_goreng
1203.jpg,nasi_goreng
1412.jpg,bakso
0568.jpg,gado_gado
2666.jpg,soto_ayam
1768.jpg,gado_gado
0811.jpg,nasi_goreng
2616.jpg,bakso
2182.jpg,gado_gado
1530.jpg,bakso
1848.jpg,soto_ayam
0055.jpg,gado_gado
0922.jpg,nasi_goreng
1856.jpg,gado_gado
0503.jpg,bakso
0316.jpg,gado_gado
1176.jpg,gado_gado
1133.jpg,gado_gado
2758.jpg,soto_ayam
0255.jpg,nasi_goreng
0701.jpg,rendang
2391.jpg,nasi_goreng
2444.jpg,nasi_goreng
0184.jpg,nasi_goreng
2632.jpg,rendang
1275.jpg,gado_gado
0256.jpg,gado_gado
1137.jpg,soto_ayam
0702.jpg,rendang
2479.jpg,soto_ayam
0446.jpg,gado_gado
2259.jpg,rendang
0691.jpg,rendang
1744.jpg,gado_gado
0103.jpg,nasi_goreng
0277.jpg,nasi_goreng
2327.jpg,nasi_goreng
0768.jpg,gado_gado
0572.jpg,soto_ayam
0351.jpg,gado_gado
0818.jpg,bakso
0787.jpg,nasi_goreng
2538.jpg,gado_gado
0992.jpg,soto_ayam
1120.jpg,nasi_goreng
0045.jpg,soto_ayam
2093.jpg,rendang
1437.jpg,nasi_goreng
1374.jpg,gado_gado
0548.jpg,bakso
0489.jpg,gado_gado
2581.jpg,rendang
0982.jpg,gado_gado
2088.jpg,soto_ayam
0650.jpg,nasi_goreng
1645.jpg,soto_ayam
2102.jpg,rendang
2268.jpg,rendang
2501.jpg,nasi_goreng
2171.jpg,nasi_goreng
0999.jpg,bakso
2476.jpg,nasi_goreng
2657.jpg,rendang
0994.jpg,rendang
1639.jpg,rendang
1493.jpg,soto_ayam
0625.jpg,nasi_goreng
2160.jpg,rendang
0732.jpg,nasi_goreng
0348.jpg,bakso
1477.jpg,gado_gado
1094.jpg,gado_gado
0785.jpg,rendang
0138.jpg,bakso
1450.jpg,rendang
2584.jpg,bakso
1286.jpg,rendang
1531.jpg,nasi_goreng
1860.jpg,soto_ayam
1867.jpg,rendang
0292.jpg,soto_ayam
2133.jpg,rendang
1321.jpg,soto_ayam
0975.jpg,soto_ayam
1093.jpg,gado_gado
0876.jpg,gado_gado
0570.jpg,nasi_goreng
0864.jpg,soto_ayam
1110.jpg,gado_gado
0660.jpg,nasi_goreng
1629.jpg,gado_gado
0462.jpg,gado_gado
1151.jpg,soto_ayam
2394.jpg,rendang
1495.jpg,nasi_goreng
2683.jpg,rendang
0211.jpg,rendang
0118.jpg,nasi_goreng
1068.jpg,rendang
2331.jpg,gado_gado
2371.jpg,soto_ayam
1865.jpg,bakso
1964.jpg,rendang
1830.jpg,soto_ayam
0983.jpg,bakso
1323.jpg,rendang
2667.jpg,soto_ayam
0092.jpg,gado_gado
0152.jpg,nasi_goreng
0648.jpg,rendang
1420.jpg,gado_gado
1430.jpg,gado_gado
1723.jpg,soto_ayam
0170.jpg,rendang
0830.jpg,gado_gado
1214.jpg,bakso
1398.jpg,gado_gado
0751.jpg,soto_ayam
0296.jpg,bakso
1192.jpg,soto_ayam
2552.jpg,nasi_goreng
1340.jpg,bakso
1954.jpg,bakso
2525.jpg,bakso
2334.jpg,soto_ayam
0734.jpg,nasi_goreng
1770.jpg,nasi_goreng
2638.jpg,nasi_goreng
0742.jpg,rendang
0488.jpg,soto_ayam
0179.jpg,nasi_goreng
2545.jpg,gado_gado
0325.jpg,soto_ayam
0241.jpg,rendang
1897.jpg,soto_ayam
0626.jpg,gado_gado
2311.jpg,gado_gado
1219.jpg,bakso
0205.jpg,rendang
2044.jpg,rendang
0041.jpg,nasi_goreng
1055.jpg,bakso
0759.jpg,gado_gado
2729.jpg,rendang
1448.jpg,rendang
0272.jpg,gado_gado
1708.jpg,bakso
1314.jpg,rendang
1828.jpg,rendang
1177.jpg,bakso
0368.jpg,nasi_goreng
2658.jpg,gado_gado
0588.jpg,nasi_goreng
1554.jpg,gado_gado
2106.jpg,bakso
2221.jpg,bakso
0584.jpg,rendang
1814.jpg,rendang
2573.jpg,nasi_goreng
1716.jpg,nasi_goreng
1537.jpg,soto_ayam
1471.jpg,gado_gado
1821.jpg,soto_ayam
0024.jpg,rendang
0135.jpg,gado_gado
1127.jpg,rendang
0914.jpg,bakso
1210.jpg,bakso
1508.jpg,rendang
0289.jpg,soto_ayam
0391.jpg,rendang
1354.jpg,rendang
1712.jpg,soto_ayam
0397.jpg,rendang
1254.jpg,soto_ayam
2429.jpg,gado_gado
2177.jpg,nasi_goreng
0321.jpg,bakso
1698.jpg,rendang
0735.jpg,rendang
1034.jpg,bakso
0806.jpg,gado_gado
1438.jpg,rendang
2368.jpg,rendang
0267.jpg,rendang
2241.jpg,nasi_goreng
2736.jpg,gado_gado
1724.jpg,bakso
0074.jpg,gado_gado
1337.jpg,rendang
0874.jpg,soto_ayam
1769.jpg,bakso
0136.jpg,soto_ayam
2156.jpg,rendang
1104.jpg,bakso
2622.jpg,gado_gado
1255.jpg,rendang
1831.jpg,rendang
0711.jpg,bakso
2574.jpg,nasi_goreng
1936.jpg,soto_ayam
0178.jpg,bakso
0904.jpg,nasi_goreng
2660.jpg,nasi_goreng
1328.jpg,gado_gado
0909.jpg,bakso
0640.jpg,rendang
2170.jpg,gado_gado
0765.jpg,soto_ayam
0275.jpg,nasi_goreng
1076.jpg,gado_gado
2480.jpg,soto_ayam
2464.jpg,rendang
2343.jpg,soto_ayam
0230.jpg,rendang
2417.jpg,gado_gado
1606.jpg,nasi_goreng
1276.jpg,gado_gado
2084.jpg,rendang
1982.jpg,rendang
1371.jpg,bakso
1490.jpg,nasi_goreng
2713.jpg,rendang
2520.jpg,soto_ayam
2313.jpg,nasi_goreng
1857.jpg,bakso
1985.jpg,bakso
0700.jpg,gado_gado
2074.jpg,gado_gado
1709.jpg,bakso
0790.jpg,gado_gado
1777.jpg,nasi_goreng
2077.jpg,gado_gado
0154.jpg,bakso
0186.jpg,gado_gado
1759.jpg,rendang
0677.jpg,gado_gado
0151.jpg,bakso
2034.jpg,gado_gado
1262.jpg,bakso
2201.jpg,gado_gado
1838.jpg,gado_gado
0989.jpg,gado_gado
2139.jpg,soto_ayam
0557.jpg,gado_gado
2627.jpg,gado_gado
1350.jpg,bakso
1301.jpg,bakso
2256.jpg,nasi_goreng
1140.jpg,gado_gado
1934.jpg,nasi_goreng
1187.jpg,bakso
0303.jpg,nasi_goreng
2701.jpg,nasi_goreng
0514.jpg,gado_gado
2273.jpg,bakso
1533.jpg,nasi_goreng
0427.jpg,gado_gado
0190.jpg,nasi_goreng
2104.jpg,bakso
2411.jpg,soto_ayam
2285.jpg,gado_gado
1864.jpg,nasi_goreng
1852.jpg,bakso
0727.jpg,rendang
2369.jpg,gado_gado
0219.jpg,soto_ayam
1754.jpg,gado_gado
1383.jpg,bakso
1132.jpg,rendang
0587.jpg,bakso
2490.jpg,gado_gado
0461.jpg,nasi_goreng
2138.jpg,bakso
2566.jpg,nasi_goreng
1656.jpg,gado_gado
1196.jpg,soto_ayam
2013.jpg,gado_gado
2284.jpg,gado_gado
1010.jpg,gado_gado
0161.jpg,nasi_goreng
2475.jpg,nasi_goreng
1079.jpg,bakso
2631.jpg,gado_gado
0815.jpg,gado_gado
0745.jpg,bakso
0140.jpg,soto_ayam
0421.jpg,bakso
2250.jpg,soto_ayam
0295.jpg,soto_ayam
2042.jpg,gado_gado
2418.jpg,gado_gado
0030.jpg,gado_gado
0918.jpg,soto_ayam
0227.jpg,nasi_goreng
1501.jpg,rendang
2438.jpg,rendang
1648.jpg,rendang
2091.jpg,bakso
0027.jpg,nasi_goreng
1358.jpg,nasi_goreng
0656.jpg,bakso
1797.jpg,nasi_goreng
0016.jpg,bakso
2672.jpg,nasi_goreng
0072.jpg,rendang
1227.jpg,gado_gado
0522.jpg,nasi_goreng
1036.jpg,rendang
0741.jpg,gado_gado
1596.jpg,rendang
0268.jpg,nasi_goreng
2744.jpg,gado_gado
0673.jpg,rendang
1958.jpg,soto_ayam
0831.jpg,nasi_goreng
0634.jpg,bakso
2381.jpg,soto_ayam
2767.jpg,gado_gado
0381.jpg,bakso
1927.jpg,gado_gado
2731.jpg,rendang
1563.jpg,nasi_goreng
0472.jpg,bakso
0897.jpg,bakso
0879.jpg,soto_ayam
0594.jpg,rendang
1021.jpg,gado_gado
2055.jpg,nasi_goreng
1914.jpg,soto_ayam
1989.jpg,rendang
2164.jpg,nasi_goreng
1894.jpg,soto_ayam
0723.jpg,soto_ayam
0726.jpg,bakso
1097.jpg,soto_ayam
2190.jpg,rendang
0960.jpg,rendang
1753.jpg,bakso
0889.jpg,soto_ayam
0125.jpg,gado_gado
2255.jpg,bakso
0680.jpg,soto_ayam
0899.jpg,nasi_goreng
2505.jpg,soto_ayam
0362.jpg,gado_gado
0740.jpg,gado_gado
0299.jpg,soto_ayam
1679.jpg,soto_ayam
1202.jpg,nasi_goreng
0632.jpg,rendang
2203.jpg,soto_ayam
2477.jpg,soto_ayam
2191.jpg,rendang
1526.jpg,gado_gado
1158.jpg,rendang
2746.jpg,rendang
0499.jpg,rendang
0182.jpg,nasi_goreng
1901.jpg,soto_ayam
0575.jpg,nasi_goreng
2442.jpg,nasi_goreng
1291.jpg,bakso
1399.jpg,nasi_goreng
0837.jpg,nasi_goreng
0399.jpg,bakso
2393.jpg,nasi_goreng
1042.jpg,nasi_goreng
2579.jpg,rendang
2425.jpg,nasi_goreng
2737.jpg,soto_ayam
1980.jpg,soto_ayam
0607.jpg,gado_gado
1798.jpg,bakso
0374.jpg,soto_ayam
0447.jpg,bakso
1736.jpg,bakso
2053.jpg,nasi_goreng
2468.jpg,nasi_goreng
0859.jpg,rendang
2118.jpg,gado_gado
1417.jpg,rendang
0617.jpg,nasi_goreng
1898.jpg,soto_ayam
1209.jpg,bakso
1134.jpg,bakso
1598.jpg,gado_gado
2316.jpg,rendang
2260.jpg,gado_gado
2312.jpg,soto_ayam
0633.jpg,gado_gado
2705.jpg,rendang
1497.jpg,nasi_goreng
1949.jpg,gado_gado
1444.jpg,bakso
0955.jpg,gado_gado
1404.jpg,nasi_goreng
2151.jpg,bakso
1556.jpg,gado_gado
0249.jpg,bakso
0972.jpg,bakso
1791.jpg,rendang
1168.jpg,gado_gado
1773.jpg,rendang
2356.jpg,bakso
0114.jpg,rendang
1469.jpg,bakso
2306.jpg,nasi_goreng
1376.jpg,gado_gado
1449.jpg,nasi_goreng
1161.jpg,gado_gado
1494.jpg,nasi_goreng
1715.jpg,rendang
0653.jpg,soto_ayam
1468.jpg,rendang
2258.jpg,gado_gado
2401.jpg,rendang
1972.jpg,gado_gado
0622.jpg,nasi_goreng
2704.jpg,soto_ayam
2344.jpg,soto_ayam
1268.jpg,nasi_goreng
1764.jpg,nasi_goreng
2485.jpg,soto_ayam
0890.jpg,bakso
2714.jpg,soto_ayam
0086.jpg,nasi_goreng
0551.jpg,gado_gado
0133.jpg,soto_ayam
1257.jpg,gado_gado
0407.jpg,gado_gado
2760.jpg,soto_ayam
2108.jpg,rendang
0611.jpg,gado_gado
1302.jpg,soto_ayam
2286.jpg,rendang
2184.jpg,nasi_goreng
0540.jpg,nasi_goreng
2682.jpg,rendang
1345.jpg,rendang
0886.jpg,soto_ayam
2749.jpg,gado_gado
1216.jpg,bakso
1072.jpg,gado_gado
2542.jpg,soto_ayam
1879.jpg,gado_gado
2275.jpg,gado_gado
1945.jpg,rendang
0226.jpg,rendang
1456.jpg,nasi_goreng
0526.jpg,gado_gado
0137.jpg,nasi_goreng
0804.jpg,bakso
1002.jpg,nasi_goreng
1058.jpg,bakso
0401.jpg,soto_ayam
2213.jpg,gado_gado
0808.jpg,soto_ayam
1240.jpg,gado_gado
1467.jpg,rendang
1109.jpg,nasi_goreng
2447.jpg,gado_gado
0550.jpg,gado_gado
2247.jpg,soto_ayam
1205.jpg,rendang
2038.jpg,bakso
1431.jpg,gado_gado
1267.jpg,gado_gado
0181.jpg,bakso
2743.jpg,bakso
1356.jpg,gado_gado
0766.jpg,nasi_goreng
1725.jpg,gado_gado
2101.jpg,rendang
0339.jpg,gado_gado
2515.jpg,soto_ayam
1478.jpg,soto_ayam
0685.jpg,gado_gado
1304.jpg,rendang
0871.jpg,bakso
1956.jpg,bakso
1761.jpg,gado_gado
2150.jpg,rendang
0357.jpg,gado_gado
1750.jpg,gado_gado
2249.jpg,bakso
2570.jpg,gado_gado
2287.jpg,soto_ayam
0463.jpg,nasi_goreng
1239.jpg,bakso
1658.jpg,gado_gado
1943.jpg,rendang
0487.jpg,rendang
1211.jpg,gado_gado
1179.jpg,nasi_goreng
0248.jpg,soto_ayam
2348.jpg,nasi_goreng
2090.jpg,rendang
0176.jpg,rendang
1096.jpg,rendang
2030.jpg,soto_ayam
0059.jpg,gado_gado
2619.jpg,bakso
1063.jpg,bakso
0260.jpg,soto_ayam
1907.jpg,rendang
2703.jpg,rendang
0087.jpg,nasi_goreng
2582.jpg,bakso
1452.jpg,rendang
2514.jpg,gado_gado
1339.jpg,gado_gado
2491.jpg,rendang
0618.jpg,nasi_goreng
0010.jpg,rendang
2492.jpg,bakso
2361.jpg,nasi_goreng
1963.jpg,nasi_goreng
2721.jpg,bakso
2002.jpg,nasi_goreng
0833.jpg,rendang
0388.jpg,soto_ayam
0445.jpg,nasi_goreng
1948.jpg,gado_gado
1781.jpg,nasi_goreng
0336.jpg,nasi_goreng
2228.jpg,nasi_goreng
2370.jpg,bakso
1498.jpg,gado_gado
0758.jpg,nasi_goreng
0517.jpg,rendang
1008.jpg,nasi_goreng
0578.jpg,rendang
2656.jpg,gado_gado
1620.jpg,rendang
2209.jpg,rendang
0574.jpg,soto_ayam
0393.jpg,rendang
1169.jpg,nasi_goreng
0753.jpg,soto_ayam
0603.jpg,rendang
0604.jpg,nasi_goreng
0247.jpg,soto_ayam
1426.jpg,nasi_goreng
0719.jpg,rendang
1626.jpg,rendang
1172.jpg,rendang
1576.jpg,gado_gado
2496.jpg,nasi_goreng
2463.jpg,nasi_goreng
0875.jpg,soto_ayam
0692.jpg,gado_gado
1699.jpg,soto_ayam
1800.jpg,gado_gado
0155.jpg,rendang
1049.jpg,nasi_goreng
1199.jpg,soto_ayam
0095.jpg,rendang
1357.jpg,rendang
1931.jpg,bakso
1419.jpg,rendang
1676.jpg,soto_ayam
1999.jpg,rendang
2606.jpg,nasi_goreng
1481.jpg,bakso
2124.jpg,gado_gado
0243.jpg,gado_gado
0157.jpg,gado_gado
2219.jpg,gado_gado
0060.jpg,soto_ayam
2752.jpg,soto_ayam
0902.jpg,nasi_goreng
0134.jpg,rendang
1615.jpg,rendang
2016.jpg,rendang
2075.jpg,gado_gado
1447.jpg,gado_gado
0035.jpg,bakso
2282.jpg,gado_gado
2146.jpg,soto_ayam
1684.jpg,gado_gado
1703.jpg,nasi_goreng
0933.jpg,nasi_goreng
2516.jpg,nasi_goreng
0939.jpg,rendang
0315.jpg,gado_gado
0261.jpg,gado_gado
1829.jpg,nasi_goreng
2244.jpg,soto_ayam
1587.jpg,bakso
0873.jpg,bakso
0240.jpg,nasi_goreng
0276.jpg,soto_ayam
0333.jpg,rendang
1243.jpg,nasi_goreng
2540.jpg,nasi_goreng
1528.jpg,nasi_goreng
0215.jpg,soto_ayam
0036.jpg,bakso
0671.jpg,soto_ayam
0703.jpg,rendang
0467.jpg,nasi_goreng
2023.jpg,gado_gado
2750.jpg,nasi_goreng
2559.jpg,nasi_goreng
2345.jpg,bakso
0143.jpg,rendang
0783.jpg,rendang
0069.jpg,nasi_goreng
0654.jpg,rendang
2116.jpg,gado_gado
2620.jpg,bakso
0906.jpg,soto_ayam
0840.jpg,rendang
1368.jpg,soto_ayam
1603.jpg,nasi_goreng
0934.jpg,bakso
0130.jpg,gado_gado
1046.jpg,nasi_goreng
1119.jpg,nasi_goreng
1145.jpg,gado_gado
0694.jpg,nasi_goreng
1051.jpg,rendang
1808.jpg,rendang
0344.jpg,bakso
2270.jpg,gado_gado
1624.jpg,nasi_goreng
1138.jpg,soto_ayam
2512.jpg,nasi_goreng
2105.jpg,rendang
2768.jpg,gado_gado
2384.jpg,gado_gado
1743.jpg,nasi_goreng
1796.jpg,nasi_goreng
1692.jpg,bakso
0812.jpg,nasi_goreng
1330.jpg,gado_gado
1297.jpg,nasi_goreng
0714.jpg,gado_gado
1952.jpg,rendang
2639.jpg,nasi_goreng
2614.jpg,nasi_goreng
1988.jpg,bakso
0778.jpg,rendang
0346.jpg,gado_gado
0767.jpg,bakso
0195.jpg,bakso
1090.jpg,soto_ayam
0001.jpg,rendang
1488.jpg,bakso
0194.jpg,rendang
2066.jpg,rendang
0676.jpg,rendang
0963.jpg,bakso
0924.jpg,rendang
0521.jpg,rendang
1159.jpg,soto_ayam
1775.jpg,bakso
1631.jpg,nasi_goreng
0076.jpg,soto_ayam
1659.jpg,bakso
0023.jpg,rendang
0843.jpg,rendang
2333.jpg,soto_ayam
2524.jpg,rendang
0998.jpg,rendang
2522.jpg,rendang
0468.jpg,gado_gado
0725.jpg,soto_ayam
0293.jpg,rendang
0359.jpg,rendang
0515.jpg,gado_gado
0480.jpg,nasi_goreng
2689.jpg,soto_ayam
2193.jpg,gado_gado
0058.jpg,rendang
2291.jpg,gado_gado
2347.jpg,bakso
1039.jpg,rendang
0667.jpg,rendang
1967.jpg,nasi_goreng
2406.jpg,bakso
1241.jpg,gado_gado
2597.jpg,bakso
2272.jpg,rendang
0453.jpg,rendang
1236.jpg,bakso
1594.jpg,nasi_goreng
1987.jpg,soto_ayam
1522.jpg,soto_ayam
2659.jpg,gado_gado
0953.jpg,rendang
2017.jpg,soto_ayam
1411.jpg,bakso
1390.jpg,gado_gado
1585.jpg,bakso
1485.jpg,rendang
1331.jpg,rendang
2167.jpg,nasi_goreng
1142.jpg,nasi_goreng
1884.jpg,bakso
0224.jpg,nasi_goreng
0242.jpg,gado_gado
2001.jpg,soto_ayam
0722.jpg,rendang
0542.jpg,soto_ayam
0609.jpg,rendang
0441.jpg,soto_ayam
2653.jpg,nasi_goreng
1550.jpg,gado_gado
0502.jpg,rendang
1553.jpg,bakso
1997.jpg,soto_ayam
2292.jpg,nasi_goreng
1322.jpg,gado_gado
2300.jpg,bakso
0196.jpg,rendang
0142.jpg,soto_ayam
1463.jpg,nasi_goreng
0132.jpg,soto_ayam
2484.jpg,rendang
0506.jpg,nasi_goreng
2068.jpg,rendang
2168.jpg,soto_ayam
0943.jpg,gado_gado
0334.jpg,rendang
0180.jpg,bakso
1994.jpg,nasi_goreng
0020.jpg,bakso
1453.jpg,nasi_goreng
1421.jpg,gado_gado
0483.jpg,nasi_goreng
1085.jpg,bakso
2757.jpg,rendang
1208.jpg,nasi_goreng
2602.jpg,soto_ayam
0535.jpg,gado_gado
2707.jpg,bakso
0796.jpg,nasi_goreng
1581.jpg,rendang
0724.jpg,gado_gado
2254.jpg,gado_gado
1062.jpg,soto_ayam
2210.jpg,gado_gado
0554.jpg,gado_gado
1403.jpg,gado_gado
1164.jpg,nasi_goreng
1623.jpg,soto_ayam
1380.jpg,soto_ayam
0236.jpg,nasi_goreng
2578.jpg,soto_ayam
2665.jpg,nasi_goreng
1727.jpg,gado_gado
1673.jpg,nasi_goreng
2047.jpg,soto_ayam
2120.jpg,gado_gado
1198.jpg,soto_ayam
1074.jpg,gado_gado
2032.jpg,bakso
2039.jpg,nasi_goreng
1312.jpg,rendang
0901.jpg,soto_ayam
1123.jpg,nasi_goreng
2782.jpg,gado_gado
0556.jpg,nasi_goreng
0944.jpg,nasi_goreng
0799.jpg,soto_ayam
2127.jpg,rendang
2532.jpg,soto_ayam
1583.jpg,rendang
0244.jpg,rendang
1910.jpg,bakso
0352.jpg,nasi_goreng
2673.jpg,rendang
1853.jpg,bakso
1919.jpg,nasi_goreng
1873.jpg,nasi_goreng
1667.jpg,bakso
2283.jpg,bakso
1782.jpg,soto_ayam
1521.jpg,gado_gado
0638.jpg,gado_gado
0566.jpg,nasi_goreng
0978.jpg,rendang
1881.jpg,nasi_goreng
0510.jpg,bakso
1984.jpg,soto_ayam
2006.jpg,rendang
2451.jpg,nasi_goreng
2424.jpg,bakso
0795.jpg,nasi_goreng
2687.jpg,bakso
2412.jpg,gado_gado
1611.jpg,soto_ayam
0962.jpg,nasi_goreng
0258.jpg,rendang
1044.jpg,nasi_goreng
0748.jpg,nasi_goreng
1888.jpg,nasi_goreng
2242.jpg,soto_ayam
0513.jpg,nasi_goreng
0858.jpg,rendang
2111.jpg,rendang
1887.jpg,gado_gado
0070.jpg,bakso
0681.jpg,bakso
0534.jpg,bakso
0647.jpg,rendang
2543.jpg,nasi_goreng
1635.jpg,gado_gado
2449.jpg,nasi_goreng
0054.jpg,soto_ayam
1423.jpg,rendang
2207.jpg,gado_gado
0329.jpg,rendang
1621.jpg,rendang
0961.jpg,rendang
1577.jpg,soto_ayam
2130.jpg,soto_ayam
0926.jpg,nasi_goreng
0683.jpg,nasi_goreng
0716.jpg,soto_ayam
2024.jpg,rendang
2281.jpg,soto_ayam
1682.jpg,bakso
1640.jpg,gado_gado
0191.jpg,bakso
1569.jpg,rendang
0217.jpg,nasi_goreng
1410.jpg,nasi_goreng
0460.jpg,soto_ayam
0075.jpg,nasi_goreng
1970.jpg,nasi_goreng
1451.jpg,bakso
0433.jpg,rendang
0849.jpg,gado_gado
1513.jpg,rendang
0894.jpg,bakso
1185.jpg,bakso
2646.jpg,gado_gado
1942.jpg,gado_gado
0040.jpg,bakso
0752.jpg,gado_gado
0629.jpg,soto_ayam
0639.jpg,soto_ayam
0478.jpg,soto_ayam
0141.jpg,soto_ayam
0464.jpg,bakso
1811.jpg,rendang
2747.jpg,rendang
0079.jpg,bakso
1266.jpg,rendang
2382.jpg,gado_gado
1641.jpg,bakso
1518.jpg,nasi_goreng
2443.jpg,bakso
2413.jpg,soto_ayam
2308.jpg,rendang
2598.jpg,nasi_goreng
1250.jpg,gado_gado
2216.jpg,bakso
1804.jpg,rendang
2453.jpg,nasi_goreng
2503.jpg,gado_gado
2353.jpg,bakso
1977.jpg,soto_ayam
0494.jpg,gado_gado
1474.jpg,rendang
2367.jpg,soto_ayam
2360.jpg,nasi_goreng
1184.jpg,gado_gado
0887.jpg,soto_ayam
0216.jpg,rendang
1480.jpg,rendang
2224.jpg,nasi_goreng
0516.jpg,rendang
0903.jpg,rendang
0491.jpg,nasi_goreng
2186.jpg,rendang
1866.jpg,rendang
1735.jpg,soto_ayam
2192.jpg,rendang
1512.jpg,bakso
0870.jpg,gado_gado
0937.jpg,soto_ayam
2183.jpg,rendang
1890.jpg,gado_gado
0015.jpg,bakso
1618.jpg,rendang
1677.jpg,rendang
2015.jpg,nasi_goreng
1384.jpg,soto_ayam
2670.jpg,rendang
1833.jpg,nasi_goreng
2544.jpg,rendang
1925.jpg,nasi_goreng
0559.jpg,soto_ayam
2277.jpg,nasi_goreng
2303.jpg,soto_ayam
2583.jpg,nasi_goreng
1632.jpg,gado_gado
1517.jpg,rendang
1697.jpg,gado_gado
2332.jpg,nasi_goreng
2426.jpg,bakso
1143.jpg,nasi_goreng
1771.jpg,rendang
1364.jpg,gado_gado
0328.jpg,nasi_goreng
1107.jpg,gado_gado
2397.jpg,soto_ayam
1016.jpg,rendang
0531.jpg,rendang
1906.jpg,gado_gado
0854.jpg,gado_gado
2647.jpg,soto_ayam
0984.jpg,bakso
2648.jpg,bakso
2716.jpg,soto_ayam
0562.jpg,rendang
1633.jpg,gado_gado
0064.jpg,nasi_goreng
2033.jpg,nasi_goreng
1968.jpg,bakso
0511.jpg,rendang
1944.jpg,soto_ayam
1552.jpg,nasi_goreng
0543.jpg,nasi_goreng
2097.jpg,rendang
0571.jpg,bakso
0590.jpg,gado_gado
0188.jpg,rendang
0423.jpg,soto_ayam
1766.jpg,rendang
1130.jpg,rendang
1178.jpg,nasi_goreng
0454.jpg,rendang
1032.jpg,bakso
1217.jpg,soto_ayam
2004.jpg,rendang
1089.jpg,rendang
1978.jpg,nasi_goreng
1200.jpg,nasi_goreng
0438.jpg,bakso
2061.jpg,soto_ayam
0450.jpg,soto_ayam
2530.jpg,gado_gado
0729.jpg,nasi_goreng
0589.jpg,rendang
1306.jpg,soto_ayam
2772.jpg,nasi_goreng
0126.jpg,bakso
0895.jpg,gado_gado
1064.jpg,soto_ayam
1388.jpg,nasi_goreng
1272.jpg,bakso
0283.jpg,bakso
0565.jpg,rendang
2217.jpg,gado_gado
1911.jpg,rendang
2046.jpg,rendang
2469.jpg,soto_ayam
0273.jpg,soto_ayam
2612.jpg,gado_gado
1591.jpg,gado_gado
1165.jpg,rendang
2314.jpg,gado_gado
0775.jpg,rendang
2637.jpg,soto_ayam
0113.jpg,rendang
0419.jpg,gado_gado
0085.jpg,nasi_goreng
2026.jpg,gado_gado
1193.jpg,bakso
0883.jpg,nasi_goreng
2644.jpg,nasi_goreng
2783.jpg,gado_gado
2140.jpg,bakso
0868.jpg,bakso
2773.jpg,nasi_goreng
0580.jpg,rendang
0670.jpg,soto_ayam
2176.jpg,gado_gado
0525.jpg,rendang
2350.jpg,rendang
1222.jpg,soto_ayam
0524.jpg,rendang
1500.jpg,nasi_goreng
1033.jpg,nasi_goreng
0364.jpg,soto_ayam
2080.jpg,gado_gado
1601.jpg,rendang
0100.jpg,rendang
2294.jpg,soto_ayam
0160.jpg,gado_gado
2229.jpg,gado_gado
2320.jpg,gado_gado
2502.jpg,rendang
1149.jpg,nasi_goreng
0327.jpg,soto_ayam
2589.jpg,rendang
1935.jpg,gado_gado
0591.jpg,rendang
2092.jpg,soto_ayam
0298.jpg,gado_gado
0585.jpg,gado_gado
1858.jpg,nasi_goreng
2195.jpg,soto_ayam
0121.jpg,rendang
0109.jpg,soto_ayam
2633.jpg,nasi_goreng
0861.jpg,nasi_goreng
1288.jpg,gado_gado
0084.jpg,rendang
0657.jpg,nasi_goreng
2318.jpg,soto_ayam
0529.jpg,bakso
2037.jpg,soto_ayam
0245.jpg,soto_ayam
2727.jpg,nasi_goreng
0383.jpg,gado_gado
0021.jpg,nasi_goreng
1106.jpg,nasi_goreng
1124.jpg,nasi_goreng
1837.jpg,gado_gado
1296.jpg,gado_gado
1915.jpg,nasi_goreng
2715.jpg,bakso
0863.jpg,rendang
2748.jpg,nasi_goreng
0816.jpg,bakso
2373.jpg,rendang
2202.jpg,rendang
0083.jpg,bakso
1367.jpg,nasi_goreng
1975.jpg,nasi_goreng
1325.jpg,soto_ayam
2655.jpg,soto_ayam
0921.jpg,soto_ayam
0523.jpg,soto_ayam
0829.jpg,gado_gado
2194.jpg,rendang
0026.jpg,nasi_goreng
2109.jpg,bakso
1747.jpg,soto_ayam
2483.jpg,gado_gado
1834.jpg,rendang
1324.jpg,gado_gado
1965.jpg,rendang
0053.jpg,gado_gado
0687.jpg,gado_gado
2363.jpg,rendang
2504.jpg,rendang
0389.jpg,rendang
1688.jpg,bakso
0728.jpg,gado_gado
1244.jpg,rendang
1786.jpg,rendang
1332.jpg,gado_gado
0251.jpg,bakso
0252.jpg,gado_gado
0710.jpg,rendang
2488.jpg,bakso
2430.jpg,rendang
0257.jpg,gado_gado
1000.jpg,nasi_goreng
1532.jpg,nasi_goreng
0888.jpg,gado_gado
2342.jpg,gado_gado
2233.jpg,nasi_goreng
1916.jpg,nasi_goreng
0281.jpg,soto_ayam
1282.jpg,nasi_goreng
2571.jpg,bakso
0370.jpg,nasi_goreng
0358.jpg,gado_gado
0643.jpg,gado_gado
1981.jpg,rendang
2536.jpg,rendang
1930.jpg,soto_ayam
2471.jpg,gado_gado
0148.jpg,rendang
1221.jpg,nasi_goreng
0586.jpg,soto_ayam
1218.jpg,soto_ayam
2159.jpg,nasi_goreng
2048.jpg,gado_gado
0552.jpg,rendang
2766.jpg,bakso
2723.jpg,gado_gado
1053.jpg,rendang
2560.jpg,bakso
1740.jpg,rendang
1701.jpg,rendang
2499.jpg,rendang
0844.jpg,soto_ayam
2200.jpg,gado_gado
1784.jpg,bakso
2388.jpg,gado_gado
1181.jpg,soto_ayam
1334.jpg,rendang
0743.jpg,rendang
1182.jpg,bakso
2098.jpg,nasi_goreng
1299.jpg,nasi_goreng
0246.jpg,rendang
1195.jpg,rendang
2630.jpg,rendang
0533.jpg,nasi_goreng
1024.jpg,bakso
1489.jpg,nasi_goreng
0022.jpg,bakso
2121.jpg,rendang
0907.jpg,gado_gado
2309.jpg,gado_gado
0139.jpg,bakso
1604.jpg,rendang
1224.jpg,gado_gado
2289.jpg,gado_gado
2355.jpg,bakso
0081.jpg,rendang
1555.jpg,rendang
2020.jpg,bakso
1125.jpg,bakso
2481.jpg,rendang
0807.jpg,gado_gado
1905.jpg,rendang
2717.jpg,rendang
1017.jpg,rendang
0631.jpg,soto_ayam
0612.jpg,bakso
0382.jpg,gado_gado
2509.jpg,gado_gado
1271.jpg,soto_ayam
1817.jpg,bakso
1152.jpg,gado_gado
0601.jpg,soto_ayam
0078.jpg,gado_gado
1326.jpg,soto_ayam
0776.jpg,bakso
1993.jpg,rendang
0945.jpg,gado_gado
0613.jpg,bakso
1885.jpg,rendang
1087.jpg,rendang
2137.jpg,bakso
1859.jpg,nasi_goreng
1317.jpg,nasi_goreng
1758.jpg,nasi_goreng
1674.jpg,gado_gado
2724.jpg,gado_gado
2700.jpg,gado_gado
2650.jpg,nasi_goreng
0990.jpg,soto_ayam
0628.jpg,nasi_goreng
2725.jpg,soto_ayam
0102.jpg,rendang
2754.jpg,nasi_goreng
1052.jpg,soto_ayam
1073.jpg,soto_ayam
0366.jpg,rendang
2677.jpg,soto_ayam
0167.jpg,nasi_goreng
0099.jpg,nasi_goreng
0342.jpg,nasi_goreng
0763.jpg,gado_gado
0731.jpg,rendang
1001.jpg,rendang
2143.jpg,rendang
0418.jpg,gado_gado
2780.jpg,rendang
2466.jpg,soto_ayam
2338.jpg,nasi_goreng
0712.jpg,bakso
0313.jpg,rendang
1338.jpg,gado_gado
1454.jpg,soto_ayam
0233.jpg,nasi_goreng
1818.jpg,gado_gado
1126.jpg,nasi_goreng
1953.jpg,gado_gado
2671.jpg,nasi_goreng
0690.jpg,nasi_goreng
0946.jpg,rendang
2302.jpg,soto_ayam
1414.jpg,rendang
1300.jpg,rendang
1155.jpg,rendang
1700.jpg,soto_ayam
0174.jpg,gado_gado
2248.jpg,rendang
2298.jpg,nasi_goreng
1810.jpg,bakso
2323.jpg,rendang
0177.jpg,soto_ayam
2185.jpg,bakso
1253.jpg,bakso
1912.jpg,soto_ayam
0149.jpg,nasi_goreng
1258.jpg,rendang
1135.jpg,gado_gado
0652.jpg,nasi_goreng
0392.jpg,rendang
0285.jpg,bakso
2776.jpg,gado_gado
1602.jpg,rendang
1005.jpg,gado_gado
1228.jpg,bakso
1507.jpg,soto_ayam
2710.jpg,bakso
1612.jpg,gado_gado
1129.jpg,soto_ayam
0484.jpg,gado_gado
1007.jpg,rendang
1069.jpg,rendang
2473.jpg,nasi_goreng
0789.jpg,nasi_goreng
2126.jpg,gado_gado
2709.jpg,soto_ayam
2206.jpg,soto_ayam
1081.jpg,gado_gado
2557.jpg,rendang
1260.jpg,gado_gado
0596.jpg,rendang
0005.jpg,rendang
0046.jpg,gado_gado
2354.jpg,nasi_goreng
2387.jpg,nasi_goreng
1721.jpg,rendang
2534.jpg,nasi_goreng
1849.jpg,bakso
0056.jpg,nasi_goreng
1893.jpg,bakso
0760.jpg,rendang
1022.jpg,nasi_goreng
0474.jpg,rendang
2726.jpg,bakso
0715.jpg,soto_ayam
1167.jpg,gado_gado
2057.jpg,rendang
2000.jpg,bakso
1685.jpg,bakso
1650.jpg,gado_gado
1373.jpg,bakso
2125.jpg,soto_ayam
1502.jpg,gado_gado
2029.jpg,rendang
0965.jpg,soto_ayam
2654.jpg,rendang
0448.jpg,rendang
0616.jpg,gado_gado
1348.jpg,gado_gado
0771.jpg,bakso
0947.jpg,rendang
0646.jpg,rendang
1491.jpg,soto_ayam
2218.jpg,nasi_goreng
2415.jpg,gado_gado
2680.jpg,rendang
2375.jpg,gado_gado
0309.jpg,gado_gado
0664.jpg,gado_gado
1878.jpg,soto_ayam
0930.jpg,nasi_goreng
0845.jpg,nasi_goreng
0294.jpg,gado_gado
1405.jpg,rendang
2330.jpg,rendang
2410.jpg,soto_ayam
1671.jpg,gado_gado
2060.jpg,rendang
1365.jpg,gado_gado
2288.jpg,gado_gado
2215.jpg,nasi_goreng
2528.jpg,soto_ayam
0396.jpg,bakso
2232.jpg,rendang
2364.jpg,soto_ayam
0282.jpg,nasi_goreng
2537.jpg,bakso
2297.jpg,nasi_goreng
0051.jpg,gado_gado
2487.jpg,nasi_goreng
0498.jpg,soto_ayam
2265.jpg,gado_gado
1706.jpg,bakso
0198.jpg,nasi_goreng
2547.jpg,rendang
2142.jpg,nasi_goreng
1662.jpg,nasi_goreng
1319.jpg,nasi_goreng
1599.jpg,bakso
0104.jpg,nasi_goreng
2587.jpg,bakso
1713.jpg,rendang
1351.jpg,rendang
2564.jpg,nasi_goreng
0813.jpg,rendang
0375.jpg,bakso
2243.jpg,nasi_goreng
0221.jpg,nasi_goreng
1436.jpg,rendang
1896.jpg,soto_ayam
1734.jpg,soto_ayam
2276.jpg,nasi_goreng
2720.jpg,nasi_goreng
1363.jpg,nasi_goreng
0684.jpg,soto_ayam
2699.jpg,rendang
1265.jpg,rendang
1230.jpg,rendang
1506.jpg,gado_gado
1871.jpg,rendang
0973.jpg,rendang
2099.jpg,bakso
0608.jpg,bakso
1283.jpg,nasi_goreng
0264.jpg,soto_ayam
0916.jpg,rendang
2439.jpg,bakso
2580.jpg,rendang
0848.jpg,rendang
0905.jpg,rendang
1705.jpg,nasi_goreng
2082.jpg,nasi_goreng
1439.jpg,nasi_goreng
1083.jpg,bakso
2510.jpg,gado_gado
2576.jpg,nasi_goreng
1882.jpg,soto_ayam
1588.jpg,gado_gado
1190.jpg,nasi_goreng
2019.jpg,soto_ayam
0379.jpg,rendang
0709.jpg,rendang
0865.jpg,rendang
1434.jpg,soto_ayam
2072.jpg,gado_gado
0414.jpg,soto_ayam
1320.jpg,gado_gado
0127.jpg,nasi_goreng
1926.jpg,bakso
0507.jpg,soto_ayam
1170.jpg,rendang
0777.jpg,bakso
0853.jpg,bakso
0635.jpg,gado_gado
0824.jpg,gado_gado
1284.jpg,nasi_goreng
2592.jpg,nasi_goreng
2076.jpg,soto_ayam
0068.jpg,gado_gado
2434.jpg,nasi_goreng
0951.jpg,gado_gado
0981.jpg,nasi_goreng
0239.jpg,gado_gado
1752.jpg,bakso
1395.jpg,gado_gado
1057.jpg,bakso
2335.jpg,rendang
1279.jpg,nasi_goreng
0971.jpg,rendang
0254.jpg,gado_gado
1719.jpg,nasi_goreng
0417.jpg,rendang
0746.jpg,nasi_goreng
1825.jpg,soto_ayam
0171.jpg,nasi_goreng
0481.jpg,rendang
2452.jpg,soto_ayam
0819.jpg,gado_gado
1347.jpg,nasi_goreng
0304.jpg,soto_ayam
1816.jpg,gado_gado
0770.jpg,rendang
0801.jpg,soto_ayam
0094.jpg,rendang
1473.jpg,nasi_goreng
0995.jpg,soto_ayam
1660.jpg,nasi_goreng
0850.jpg,nasi_goreng
0266.jpg,gado_gado
1946.jpg,soto_ayam
1462.jpg,nasi_goreng
1160.jpg,rendang
2073.jpg,rendang
2240.jpg,gado_gado
1574.jpg,gado_gado
2220.jpg,soto_ayam
1536.jpg,nasi_goreng
1366.jpg,bakso
1863.jpg,gado_gado
1482.jpg,gado_gado
2123.jpg,gado_gado
0733.jpg,soto_ayam
0082.jpg,bakso
0202.jpg,nasi_goreng
0793.jpg,soto_ayam
2166.jpg,rendang
0019.jpg,gado_gado
0954.jpg,bakso
0343.jpg,rendang
1298.jpg,nasi_goreng
1514.jpg,rendang
0156.jpg,gado_gado
1245.jpg,bakso
1278.jpg,rendang
0699.jpg,soto_ayam
0449.jpg,soto_ayam
2230.jpg,gado_gado
1162.jpg,rendang
1400.jpg,gado_gado
0210.jpg,gado_gado
0402.jpg,nasi_goreng
0278.jpg,gado_gado
